,Tv,Tc_in,Tc_out,qc,mv
0,43.3244585138288,30.15714641495885,39.833613397119194,17.9985515828058,303.464303911118
1,42.86982011992,29.272744631658725,39.16386046677494,17.9991543637575,310.063340308731
2,43.9,32.04543878131906,40.013391111021946,24.0,333.4
3,43.64,31.806677977907746,39.728930761527856,24.0,331.4
4,43.0823670531784,35.60384135828028,40.93656648652001,23.6539352259096,219.734941770145
5,42.8584950029395,36.16897640155196,40.8584950029395,24.0010310405644,193.777818538674
6,44.3602708803611,37.22685610316928,42.3602708803611,24.0022209287326,214.037280746988
7,44.0686462707453,37.20379105438737,42.0686462707453,23.997974685063,200.976602535661
